-- phpMyAdmin SQL Dump
-- version 5.2.1
-- https://www.phpmyadmin.net/
--
-- Хост: mariadb
-- Час створення: Трв 29 2024 р., 18:52
-- Версія сервера: 11.3.2-MariaDB-1:11.3.2+maria~ubu2204
-- Версія PHP: 8.2.8

SET SQL_MODE = "NO_AUTO_VALUE_ON_ZERO";
START TRANSACTION;
SET time_zone = "+00:00";


/*!40101 SET @OLD_CHARACTER_SET_CLIENT=@@CHARACTER_SET_CLIENT */;
/*!40101 SET @OLD_CHARACTER_SET_RESULTS=@@CHARACTER_SET_RESULTS */;
/*!40101 SET @OLD_COLLATION_CONNECTION=@@COLLATION_CONNECTION */;
/*!40101 SET NAMES utf8mb4 */;

--
-- База даних: `books`
--

-- --------------------------------------------------------

--
-- Структура таблиці `authors`
--

CREATE TABLE `authors` (
  `id` int(11) NOT NULL,
  `AuthorName` text NOT NULL,
  `YearsOfLife` text NOT NULL,
  `Picture` text NOT NULL,
  `Bibliography` text NOT NULL
) ENGINE=InnoDB DEFAULT CHARSET=utf8mb4 COLLATE=utf8mb4_general_ci;

--
-- Дамп даних таблиці `authors`
--

INSERT INTO `authors` (`id`, `AuthorName`, `YearsOfLife`, `Picture`, `Bibliography`) VALUES
(1, 'Василь Стус', '1939-1985', 'https://book-ye.com.ua/upload/iblock/fbd/Vasil_Stus.jpeg', 'Вірші Василя Стуса не лише відзначаються ліричністю та мелодійністю, вони — справжня світова спадщина, голос протесту, символ боротьби, а в їхній основі — усвідомлення внутрішньої свободи.\r\n<br><br>\r\nВасиль Стус — український поет, прозаїк, літературознавець, перекладач, правозахисник. Народився 1938 року на Вінниччині. Після закінчення школи вступає на історико-літературний факультет Донецького педінституту. У студентські роки працює в бібліотеці, закінчивши навчання, викладає українську мову та літературу в Горлівській школі, опісля ще два роки служить в армії на Уралі. Під час навчання та служби починає писати свої вірші. У 1959 році його перші роботи опубліковані у «Літературній газеті». У 1963 році вступає до аспірантури Інституту літератури ім. Шевченка, з якої згодом виключений через участь у протесті на прем\'єрі фільму С. Параджанова «Тіні забутих предків». Автор заробляє на життя, працюючи в історичному архіві, згодом — на шахті, залізниці, будівництві, в метро. Його перші збірки «Круговерть» та «Зимові дерева» відхилені видавництвами. Літературна діяльність поета, критичні оцінки режиму і протести проти порушення прав людини спричинили перший арешт у 1972 році. Внесок Василя Стуса в розвиток української державності важко переоцінити, адже за свої ідеї він зрештою поплатився життям через неодноразові арешти, перебування в засланні й таборах.\r\n<br><br>\r\nВасиль Стус — активний представник руху шістдесятників, а його творчість має непересічну вагу для сучасності.\r\n<br><br>\r\nКниги Василя Стуса тривалий час належали до категорії забороненої літератури й не публікувалися. Автор ніколи не переставав творити, багато віршів написані та знищені в таборах, проте деякі з них вдалося зберегти. Однак видати книжки Стуса стало можливо лише на початку 1990-х років.'),
(2, 'Оскар Уайльд', '1856-1900', 'https://book-ye.com.ua/upload/resize_cache/iblock/9a0/270_450_1/f2942a103362eeaa2834da7d191866e0.jpg', 'Оскар Уайльд — англійський письменник, поет і драматург ірландського походження.\r\n<br><br>\r\nОскар Уайльд народився 15 жовтня 1856 року в Дубліні. Його мати була освіченою жінкою. Від неї він і успадкував свій художній талант письменника. Батько Оскара Уайльда теж був письменником. Маленький Оскар демонстрував свої здібності ще в школі. Коли ж він вступив до Оксфордського університету, то швидко набув популярність.\r\n<br><br>\r\nЗа складені вірші йому дали університетську премію. Ці вірші були настільки подобалися читачами, що протягом місяця друкувалися нові тиражі газети 6 разів. Після закінчення університету Оскар Уайльд повністю присвятив себе літературі. Його казки та оповідання користувалися великою популярністю серед читачів.\r\n<br><br>\r\nТаким успіхом і славою він користувався протягом майже 18 років. Перед ним всі схилялися, його всі цінували й вважали «гордістю» батьківщини. Коли Оскар Уайльд відвідав Америку, всі двері кращих будинків були для нього відкриті. Його лекції про мистецтво охоче відвідувалися найвідоміші люди тогочасної Америки. Оскар Уайльд був на вершині своєї слави.\r\n<br><br>\r\nАле після повернення в Англію. Люди почали говорити, що він веде розпусний стиль життя. Згодом він був звинувачений в тому, що він схилив нібито сина одного поважного чоловіка зі шляху моральності. На судовому розгляді Оскар Уайльд не зміг виправдатися. Його заарештували й ув\'язнили. Після цього усі відвернулися від нього, і він залишився сам один без друзів і без грошей.\r\n<br><br>\r\nПісля звільнення з в\'язниці, де він просидів два роки він був змушений виїхати з Англії. І він перебирається жити до Парижа.\r\n<br><br>\r\nУ листопаді 1900 року Уайльда не стало він не витримав усіх страждань та помер.\r\n<br><br>\r\nКолись знаменитий письменник, художник та поет, Оскар Уайльд лежав бездиханним в бідній кімнаті паризького готелю. Він помер самотнім.\r\n<br><br>\r\nТак суспільство стратило своїм презирством великого генія світової літератури.\r\n<br><br>\r\nПерша збірка віршів Уайльда називалася — «Вірші» і вона побачила світ у 1881 році. До цього ж часу відноситься і перший його досвід в драматургії — «Віра». У 1890 році на замовлення видавця з Аерики, Уайльд пише свій найбільший роман «Портрет Доріана Грея», в якому письменник виразно окреслив коло своєї проблематики. Естетизація аморальності, концепція цинічного гедонізму, що процвітає в розкішних інтер\'єрах аристократичних салонів — все це трохи пізніше перейде в вишукані комедії Уайльда.\r\n<br><br>\r\nВсі п\'єси Уайльда написані на початку 1890-х: «Віяло леді Віндермір», Жінка, не варта уваги», і «Ідеальний чоловік», відразу були поставлені на лондонській сцені. Вони користувалися великим успіхом; критики писали про те, що Уайльд вніс пожвавлення в англійське театральне життя.'),
(3, 'Стівен Кінг', '1947-...', 'https://book-ye.com.ua/upload/resize_cache/iblock/99a/270_450_1/4ff15c77a58ba4b13658d2fddfb683a1.jpg', 'Стівен Кінг — один з найпопулярніших американських письменників сучасності, родом з Портленда, штат Мен. Пише у таких жанрах, як: жахи, містика, фантастика, фентезі, драма. За свої літературні роботи отримав прізвисько — «Король жахів».\r\n<br><br>\r\nНародився майбутній письменник 21 вересня 1947 року. Батько пішов з сім’ї, коли Стівену було 2 роки й мати була змушена працювати на декількох роботах, щоб прогодувати Стівена і його старшого брата.\r\n<br><br>\r\nУ одному зі своїх інтерв\'ю Кінг згадував: «Я з дитинства відчував, що життя несправедливе. Мати виховувала мене одна, батько покинув нас, і їй довелося багато і важко працювати. Ми були бідними, жили від зарплати до зарплати та нічого не знали про суспільство рівних можливостей та інші нісенітниці, але вона ніколи не скаржилася, але я не був ні глухим, ні сліпим. Дещо від цього відчуття несправедливості ще залишилося в мені й відбивається сьогодні в моїх книгах».\r\n<br><br>\r\nУ дитинстві Кінг багато хворів і часто пропускав школу і проводив цей час з книгами та коміксами. Перше своє оповідання Кінг написав у віці семи років, а коли показав його мамі, та похвалила його і сказала, щоб він продовжував писати й Стівен продовжив писати й продовжує до сьогодні.\r\n<br><br>\r\nЗгодом Кінг вступає до Університету штату Мен, де знайомиться зі своєю майбутньою дружиною Табітою. У 1971 році вони одружуються і Кінг влаштовується працювати викладачем в Університет Мену. Цього ж року Табіта у сміттєвому кошику знаходить недописаний рукопис «Керрі» і змусила чоловіка його дописати, згодом саме цей роман і приніс автору першу славу і такі важливі гонорари, адже окрім роботи викладачем у ночі Кінг працював, ще у пральні.\r\n<br><br>\r\nПісля «Керрі» Кінг пише ще ряд успішних романів, які й приносять йому світову славу і визнання. За його книгами було зняти більш як 50 фільмів та серіалів.\r\n<br><br>\r\nСьогодні Кінг живе й працює у своєму рідному містечку.\r\n<br><br>\r\nПісля, того як у світ вийшов його перший роман «Керрі». Кінг залишає роботу і присвячує себе повністю письменництву. Протягом 5 наступних років з під його пера виходять такі культові книги, як: «Сяйво», «Салемс Лот», «Протистояння», «Мертва зона».\r\n<br><br>\r\nУ 1970-тих роках Стівен Кінг написав під псевдонімом Річард Бахман такі книги, як: «Лють», «Довга прогулянка», «Дорожні роботи», «Людина, що біжить», і «Той, що худне». Ідея полягала в тому, щоб перевірити, чи зможе він повторити свій успіх знову, через те, що він побоювався, що його успіх був випадковістю, але він переконався, що його визнання заслужене.\r\n<br><br>\r\nВ 1982 році з\'являється книга «Шукач» — перший роман з циклу «Темна Вежа». «Темна Вежа» — маґнум опус Кінга, який складається з 8 книг, які він писав понад 40 років.\r\n<br><br>\r\nСвоїми книгами та оповіданнями Кінг створив власний всесвіт. Часто героїв з однієї книги можна зустріти в іншій.\r\n<br><br>\r\nЗа свою творчість Кінг отримав Премію Брема Стокера, Всесвітню премію фентезі, нагороду Британського товариства фентезі. За оповідання «Людина в чорному костюмі» отримав премію О. Генрі. У 2003 році Національний фонд книг нагородив його медаллю за видатний внесок в американську літературу. У 2004 році отримав 3 нагороди: «За внесок у світове Фентезі», нагороду від канадської асоціації книгопродавців і звання Великого Магістра від Американських письменників містиків. У 2014 році нагороджений Національною медаллю США в галузі мистецтв з формулюванням «за поєднання захоплюючих історій з аналізом людської натури».\r\n<br><br>\r\nВидавництво «КСД» поставило собі за мету видати всі книги Стівена Кінга українською мовою. І вже можна знайти більше ніж 20 книг короля жахів українською мовою. Серед них, як нові романи, такі як: «Під куполом», «Містер Мерседес», «Відродження», «11/22/63», так і старі романи автори, які вже стали культовими: «Сяйво», «Воно», «Протистояння», «Крістіна» і звісно ж всі частини «Темної вежі». На українському книжковому ринку Стівен Кінг є найпопулярнішим закордонним автором його книги користуються популярністю, як серед дорослих читачів, так і юних.'),
(4, 'Наталія Матолінець', '1990-...', 'https://book-ye.com.ua/upload/iblock/0bd/Nataliya_Matolinets.jpg', 'Книги Наталії Матолінець підкорюють читачів своїми переплетеннями міфів і реальності, магії і повсякденності, коли історія читається на одному диханні.\r\n<br><br>\r\nНаталія Матолінець – українська сучасна письменниця, яка працює в жанрі фентезі, журналістка, член Національної спілки письменників України з 2014 року. Наталія закінчила Львівський університет у 2013 році, факультет журналістики. Відтоді працює за фахом в різних ЗМІ.\r\n<br><br>\r\nЗ біографії Наталії Матолінець можна дізнатись, що у дитинстві обожнювала грецькі міфи і хоча смаки змінювалися, але не потяг до книг. Наталя любить подорожувати, надихаючись новими сюжетами для творчості, малює скетчі до своїх історій і веде блог про місця, де побувала.\r\n<br><br>\r\nНаталія Матолінець починала з поезії – у Львові видано дві збірки: «Краплини світла» (2005), «Акварелі і аромати» (2013), в яких переважає любовна лірика. Публікувалася в численних альманахах і журналах, учасниця і фіналістка конкурсів фантастичних оповідань від об\'єднання «Зоряна Фортеця», фіналіст, учасник і номінант багатьох інших літературних конкурсів, фестивалів, премій і відзнак.\r\n<br><br>\r\nУсі книжки Наталії Матолінець опубліковані в серіях для юнацтва: цикл про Варту – міське фентезі, «Академія Аматерасу» і «Гессі» – міфологічне фентезі. \r\n<br><br>\r\nКниги «Академія Аматерасу» і «Гессі» пов\'язані Академією, в якій проходять навчання переродження боги. Це цікавий мікс магії, колориту прекрасної епохи, підліткових проблем дорослішання і пошуку себе, і грецької міфології. А от цикл про темну чародійку Варту знайомить читачів із захоплюючими пригодами з ноткою магії і атмосферою міста.\r\n<br><br>\r\nКнига «Керамічні серця» – улюблена книга нашого редактора від цієї авторки у жанрі фентезі, радимо прочитати. :)'),
(5, 'Сара Дж. Маас', '1986-...', 'https://book-ye.com.ua/upload/iblock/106/Sara-Dzh.-Maas.png', 'Сара Дж. Маас (народилася 5 березня 1986 року) - це сучасна американська письменниця, авторка декількох бестселерів в жанрі фентезі.\r\n<br><br>\r\nСара Джанет Маас народилася в Нью-Йорку, у 2008 році закінчила Гамільтонський коледж за спеціальністю «письменницька майстерність», після закінчення навчання переїхала до Каліфорнії.\r\nм\r\nРоботу над першою книгою майбутня авторка декількох бестселерів почала ще у 16 років, саме тоді декілька розділів тексту, який ми знаємо як «Трон зі скла» (Throne of Glass) був опублікований в інтернеті та здобув неймовірну популярність серед читачів. Цей успіх став чудовою мотивацією аби видати паперову книгу, саме так у 2012 році книга й побачила свого читача.\r\nУкраїнською мовою книги серії виходять друком у видавництві «Vivat».\r\n<br><br>\r\nПисьменниця працювала над продовженням книжкової серії під однойменною назвою «Трон зі скла» про пригоди асасинки Селени, тож вже через рік, у 2013-му, друком вийшло продовження - «Корона опівночі» (Crown of Midnight).\r\n<br><br>\r\nТретя книга серії «Спадкоємиця вогню» (Heir of Fire) була опублікована у 2014 році, цього ж року вийшов приквел серії, книга «Клинок вбивці» (The Assassin’s blade);\r\n<br><br>\r\nНаступними були опубліковані:\r\n<br><br>\r\n«Королева тіней» (Queen of Shadows) (2015);<br>\r\n«Імперія шторму» (Empire of Storm) (2016);<br>\r\n«Вежа світанку» (Tower of Dawn) (2017);<br>\r\n«Королівство попелу» (Kingdom of Ash) (2018).<br>\r\nПаралельно з роботами над першою серією, Сара Дж. Маас працювала над фентезійним книжковим циклом «Двір шипів і троянд» (A Court of Thorns and Roses), саме ця серія вважається її «Magnum opus», складається з п’яти частин:\r\n<br><br>\r\n«Двір шипів і троянд. Книга 1» (2015);<br>\r\n«Двір мороку і гніву. Книга 2» (2016);<br>\r\n«Двір крил і руїн. Книга 3» (2017);<br>\r\n«Двір холоду і зоряного сяйва. Книга 4» (2018);<br>\r\n«Двір срібного полум\'я. Книга 5» (2021).<br>\r\nКниги Сари Дж. Маас відзначаються динамічними фентезійними всесвітами, складними персонажами та цікавими сюжетами. \r\n<br><br>\r\nЗ 2020 року письменниця працює над новою серією книг під назвою «Місто півмісяця» (The Crescent City), в межах якої будуть опубліковані три романи:\r\n<br><br>\r\nМісто Півмісяця. Книга 1. Дім Землі та Крові (House of Earth and Blood) (2020);<br>\r\nДім Неба та Дихання (House of Sky and Breath) (2022);<br>\r\nДім Полум’я і Тіні (House of Flame and Shadow) вихід якої заплановано на 2024 рік.<br>\r\nТвори Маас зачаровують непередбачуваними поворотами сюжету, сильним емоційним зарядом і складними моральними дилемами. Авторка не боїться експериментувати зі стереотипами й розвиває теми самовизначення, вірності та кохання. <br>Відчуйте цю магію та емоції й ви, купити книги Сари Дж. Маас - це гарна нагода зануритися в пригоди!'),
(6, 'Аґата Крісті', '1890-1976', 'https://book-ye.com.ua/upload/resize_cache/iblock/cca/270_450_1/584c049df8ed1de30ad8111be9847b1a.jpg', 'Дама Агата Мері Кларисса Крісті — всесвітньовідома письменниця родом з Англії, яка заслужено вважається «королевою детективів».\r\n<br><br>\r\nНародилася в місті Торки, графство Девон, в заможній родині. Навчалася дома з дитинства проявляла хист до музики.\r\n<br><br>\r\nПід час Першої світової війни майбутня письменниця працює медсестрою у військовому госпіталі, і паралельно вивчала фармакологію. В той самий час, в перервах між чергуваннями, вона починає писати свої перші детективи. За її власними словами, писати вона почала, аби бути схожою на старшу сестру, яка вже на той час мала кілька опублікованих оповідань. Молода авторка думала, що читачі не сприймуть роман і поставляться до нього з упередженням, оскільки автором книги є жінка, і мала намір взяти собі псевдонім Мартін Уест або Мостін Грей. Але видавець переконав її зберегти власне ім\'я та прізвище письменниці, він це аргументував, тим, що ім\'я Агата було рідкісним і легко запам\'ятовувалося. В 1914 році Агата Крісті вийшла заміж за майора Арчибальда Крісті.\r\n<br><br>\r\nУ 1920 році у світ виходить перший детектив Агати Крісті — «Таємнича пригода в Стайлз». У цій книзі вперше з’явився улюбленець мільйонів детектив-любитель Еркюля Пуаро, який надалі є героєм 25 романів англійської письменниці.\r\n<br><br>\r\nНаступна книга письменниці про пригоди Еркюля Пуаро вийшла, аж через десять років, роман мав назву — «Вбивство в будинку вікарія».\r\n<br><br>\r\nПопри взаємну прихильність на початку, шлюб Арчібальда і Агати Крісті закінчився розлученням в 1928 році.\r\n<br><br>\r\nУ своєму романі «Незавершений портрет», опублікованому в 1934 році під псевдонімом Мері Вестмакотт, Агата Крісті описує події, схожі на її власні.\r\n<br><br>\r\nУ 1930 році Агата Крісті виходить заміж вдруге і на цей раз успішно її чоловік сер Макс Маллован. Працює археологом і з того часу Агата Крісті багато часу проводила з чоловіком в Сирії та Іраку в наукових експедиціях. (звідси «східний» цикл її романів): «Вбивство в Східному експресі», «Багдадська зустріч».\r\n<br><br>\r\nАгата Крісті вдало проявила себе і в драматургії — 16 її п\'єс були поставлені в Лондоні, за деякими були зняті фільми. Особливим успіхом користувалися «Свідок звинувачення» і «Мишоловка».\r\n<br><br>\r\nВ1971 році за свою працю в галузі літератури Агата Крісті була відзначена орденом Британської Імперії II ступеня.\r\n<br><br>\r\nНайпопулярніші її романи: «Вбивство в будинку вікарія», «Н або М?», «Десять негренят», «Таємниця камінів», «Смерть на Нілі», «День поминання», «П\'ять поросят», «Смерть у хмарах» та багато інших були екранізовані, деякі з них і по кілька разів.\r\n<br><br>\r\nНе стало письменниці 12 січня 1976 в Веллінгтоні, Оксфордшир.\r\n<br><br>\r\nВидавництво «КСД» видає твори Агати Крісті українською мовою з новими якісними й не цензурованими перекладами. А починаючи з 2017 року видавництво взяло за мету перевидавати найпопулярніші твори королеви детективів у новому дизайні. Серед читачів найбільшою популярністю користуються такі книги, як «Карибська таємниця», «Кишеня, повна жита», «Вбивство у \"Східному експресі\"».'),
(7, 'Ребекка Яррос', '1981-...', 'https://m.media-amazon.com/images/S/amzn-author-media-prod/m2fpjrtckts3tpd68jqekd5uar.jpg', 'Перша книга серії \"Емпіреї\", \"Четверте крило\", вийшла у квітні 2023 року у видавництві Red Tower Books. У травні вона посіла четверте місце у списку бестселерів Libro.fm. Наприкінці червня вона стала бестселером номер один на Amazon. Станом на вересень 2023 року книга провела 18 тижнів у списку бестселерів The New York Times, у тому числі на першій позиції. Вона також потрапила до списку бестселерів Libro.fm на другому місці у серпні та на третьому місці у вересні. Крім того, вона увійшла до десятки найкращих книжок книжкових клубів у вересні. У жовтні й листопаді \"Четверте Крило\" знаходилося в топ-10 в списку бестселерів USA Today.\r\n<br><br>\r\nПродовження, \"Залізне полум\'я\", вийшло в листопаді 2023 р. У липні 2023 р. видавництво Waterstones повідомило, що книга стала \" найшвидше розпроданим попереднім замовленням за один день на сайті, а спеціальне видання розійшлося всього за сім годин\". Яррос повідомила, що серія зрештою включатиме п\'ять книг.\r\n<br><br>\r\nУ жовтні 2023 року було оголошено, що Outlier Society Майкла Б. Джордана  та Amazon MGM Studios придбали права на адаптацію серії романів у телевізійний серіал. Яррос і видавництво Entangled Publishing Ліз Пеллетьє виступатимуть позаштатними виконавчими продюсерами, але без участі в написанні сценаріїв.'),
(8, 'Тагере Мафі', '1988-...', 'https://upload.wikimedia.org/wikipedia/commons/thumb/8/89/Tahereh_Mafi_%2821994%29.jpg/420px-Tahereh_Mafi_%2821994%29.jpg', 'Тагере Мафі (англ. Tahereh Mafi, нар. 9 листопада 1988) — американська письменниця іранського походження. Авторка підліткової літератури. Відома серією книг-антиутопій «Знищ мене», яка ввійшла до списку бестселерів «Нью-Йорк Таймс».\r\n<br><br>\r\nМафі народилася у маленькому містечку в Коннектикуті. Була наймолодшою дитиною у сім\'ї (має чотирьох братів). Батьки Мафі — емігранти з Ірану. Коли їй виповнилося дванадцять, вона разом із сім\'єю переїхала до Північної Каліфорнії, а в чотирнадцять років — до Оренджа (Каліфорнія).<br><br>\r\n\r\nПісля закінчення школи в Ірвайні, Мафі вступила до Американського університету Сока, що в Алісо В\'єхо, Каліфорнія. Тією чи іншою мірою, володіє восьма мовами. Протягом одного семестру коледжу навчалася закордоном — в Барселоні, Іспанія. Під час цієї подорожі, вона мала можливість повністю зануритись в іспанську мову.<br><br>\r\n\r\nМафі стверджує, що створила п\'ять рукописів, перш ніж зрозуміла, як пишеться книга та написала свій перший роман.<br><br>\r\n\r\nЇї перший роман — «Знищ мене» — опублікований 15 листопада 2011 року. З того часу, опубліковано ще два романи серії — «Розгадай мене» (5 лютого 2013) та «Запали мене» (4 лютого 2014). Вона також написала три повісті (вийшли в електронному варіанті) — «Руйнуй мене», «Ламай мене» та «З\'єднай мене». Права на екранізацію «Знищ мене» викупила кінокомпанія «Двадцяте сторіччя фокс». 2017 року стало відомо, що письменниця планує видати четверту книгу серії під назвою «Віднови мене».<br><br>\r\n\r\nВ серпні 2016 року вийшла нова книга письменниці — «Щобільше», яка розповідає про те, як бліда дівчина живе у світі величних кольорів та магії, з якими не має нічого спільного. У листопаді 2017 року світ побачила ще одна книга письменниці — «Вічьвуд».\r\n'),
(10, 'Редгрейн Лебовскі', '', '', ''),
(11, 'Ребекка Кван', '', '', ''),
(12, 'В. Е. Шваб', '', '', ''),
(13, 'Андрій Сем`янків', '', '', ''),
(14, 'Ірина Грабовська', '', '', ''),
(15, 'Брендон Сандерсон', '', '', ''),
(16, 'Макс Кідрук', '', '', ''),
(17, 'Дана Шварц', '', '', ''),
(18, 'Джо Аберкромбі', '', '', ''),
(19, 'Дженніфер Л. Арментраут', '', '', ''),
(20, 'Марісса Маєр', '', '', ''),
(21, 'Дженніфер Лінн Барнс', '', '', ''),
(22, 'Скарлетт Сент-Клер', '', '', ''),
(23, 'Джозеф Шеридан Ле Фаню', '', '', ''),
(24, 'Валерія Малахова', '', '', ''),
(25, 'Іван Дубровський', '', '', ''),
(26, 'Рік Ріордан', '1964-...', 'https://book-ye.com.ua/upload/iblock/460/Rik_Riordan.jpg', 'Рік Ріордан – сучасний американський письменник, котрий зумів поєднати жанри фентезі та детективу, чим, за великим рахунком, вніс хвилю новизни в обидва. Народився він у 1964 році в місті Сан-Антоніо в творчій родині: батько був скульптором, мати – художником та музикантом. Перші свої оповідання Ріордан  написав ще в дитячому віці, однак згодом на тривалий час відклав письменницьке заняття. Він отримав дві вищі освіти в Остінському університеті, працював учителем в Техасі, Сан-Франциско. Паралельно з цим, Ріордан серйозно студіював грецьку та скандинавську міфологію, якою зацікавився під час навчання. Перший свій роман «Криваво-червона текіла» письменник написав у 33 роки. Вже в цьому творі Рік Ріордан поєднав елементи детективного сюжету з особливостями фентезі та навіть містичною складовою. Головний герой роману, Трез Навар – сищик, який водночас знається на британській літературі доби Середньовіччя та володіє таємницями бойових мистецтв. А вже далі у світ вийшов славнозвісний цикл для дітей «Персі Джексон і олімпійці», котрий приніс письменнику світове визнання. \n<br><br>\nКниги Ріка Ріордана:\n<br><br>\nКупити книги Ріордана можна і в нас. Його твори вирізняються динамічним сюжетом, вкрапленням елементів грецької міфології, зокрема циклу про олімпійських богів, котру Рік так прискіпливо вивчав з юності. \n<br><br>\nТвори Ріордана користуються популярністю в провідних представників світового кінематографу - кінокомпанії «ХХ століття Фокс», студії Стівена Спілберга. Можна бути впевненим, що нас ще чекає багато захопливих фільмів за сюжетами романів письменника.'),
(27, 'Лі Бардуґо', '', '', ''),
(28, 'Ерін Морґенштерн', '', '', ''),
(29, 'Сергій Жадан', '', '', ''),
(30, 'Артемій Кірсанов', '', '', ''),
(31, 'Сергій Дзюба', '', '', ''),
(32, 'Андрій Новік', '', '', ''),
(33, 'Джонатан Страуд', '', '', ''),
(39, 'P. Marphine', '', '', '');

-- --------------------------------------------------------

--
-- Структура таблиці `books`
--
-- Помилка читання структури таблиці books.books: #1030 - Отримано помилку 194 &quot;Tablespace is missing for a table&quot; від дескриптора таблиці InnoDB
-- Помилка читання даних таблиці books.books: #1064 - У вас помилка у синтаксисі SQL біля &#039;FROM `books`.`books`&#039; в строці 1

--
-- Тригери `books`
--
DELIMITER $$
CREATE TRIGGER `AutoInsert` AFTER INSERT ON `books` FOR EACH ROW BEGIN
    DECLARE author_name VARCHAR(255);
    DECLARE cur CURSOR FOR SELECT DISTINCT TRIM(author) FROM (SELECT SUBSTRING_INDEX(SUBSTRING_INDEX(NEW.Author, ',', numbers.n), ',', -1) author FROM (SELECT 1 n UNION ALL SELECT 2 UNION ALL SELECT 3 UNION ALL SELECT 4) numbers INNER JOIN books ON CHAR_LENGTH(NEW.Author) - CHAR_LENGTH(REPLACE(NEW.Author, ',', '')) >= numbers.n-1) AS x;
    DECLARE CONTINUE HANDLER FOR NOT FOUND SET @done = 1;

    OPEN cur;

    read_loop: LOOP
        FETCH cur INTO author_name;

        IF @done THEN
            LEAVE read_loop;
        END IF;

        IF NOT EXISTS (SELECT 1 FROM authors WHERE AuthorName = author_name) THEN
            INSERT INTO authors (AuthorName) VALUES (author_name);
        END IF;
    END LOOP;

    CLOSE cur;
END
$$
DELIMITER ;
DELIMITER $$
CREATE TRIGGER `AutoPublAdd` AFTER INSERT ON `books` FOR EACH ROW BEGIN
    IF NOT EXISTS (SELECT * FROM publishings WHERE PublName = NEW.Publishing) THEN
        INSERT INTO publishings (PublName) VALUES (NEW.Publishing);
    END IF;
END
$$
DELIMITER ;

-- --------------------------------------------------------

--
-- Структура таблиці `BooksComments`
--

CREATE TABLE `BooksComments` (
  `BookID` varchar(20) NOT NULL,
  `CommentID` int(11) NOT NULL
) ENGINE=InnoDB DEFAULT CHARSET=utf8mb4 COLLATE=utf8mb4_general_ci;

--
-- Дамп даних таблиці `BooksComments`
--

INSERT INTO `BooksComments` (`BookID`, `CommentID`) VALUES
('ISBN-0412-1507-5002', 15),
('ІЛ-00029348', 8),
('ІЛ-00029348', 3),
('ІЛ-00029348', 7),
('ІД-4135911', 14),
('ISBN-0412-1507-5002', 20),
('ISBN-0412-1507-5002', 22),
('ISBN-0412-1507-5002', 24),
('ІД-4135924', 25),
('ISBN-0412-1507-5002', 26);

-- --------------------------------------------------------

--
-- Структура таблиці `comments`
--

CREATE TABLE `comments` (
  `commentId` int(11) NOT NULL,
  `userId` int(11) NOT NULL,
  `userName` text NOT NULL,
  `userPic` text NOT NULL,
  `commentText` text NOT NULL
) ENGINE=InnoDB DEFAULT CHARSET=utf8mb4 COLLATE=utf8mb4_general_ci;

--
-- Дамп даних таблиці `comments`
--

INSERT INTO `comments` (`commentId`, `userId`, `userName`, `userPic`, `commentText`) VALUES
(3, 16, 'Admin Admin', 'user.png', 'Я адмін, хехе'),
(4, 16, 'Admin Admin', 'user.png', 'Адміністратор сайту незадоволений такою низькою відвідуваністю'),
(6, 16, 'Admin Admin', 'user.png', 'Це деякий коментар'),
(7, 17, 'Marian Pelekh', './UserPictures/_e354c2e6-636c-469a-a931-7e4c77ba7116.jpeg', 'Можна мені, будь ласочка, якщо вам не важко, якщо вам звісно важко, то не слухайте мене далі, але ну якщо ви все таки послухаєте, то будь ласка, не тримайте на мене зла, але я хотів би попросити у вас, сподіваюсь це не сильно погано, але чи можна у вас попросити одну книжечку безкоштовно?🥺👉👈'),
(8, 6, 'Мар\'ян Пелех', './UserPictures/_13be486f-b9cb-4617-8d48-55d744ee42de.jfif', 'Хочу залишити деякий відгук тут'),
(9, 18, 'Михайло Музика', './UserPictures/flat,750x,075,f-pad,750x1000,f8f8f8.jpg', '██╗░░██╗██████╗░ ╚██╗██╔╝██╔══██╗ ░╚███╔╝░██║░░██║ ░██╔██╗░██║░░██║ ██╔╝╚██╗██████╔╝ ╚═╝░░╚═╝╚═════╝░'),
(10, 19, 'bfhf dbf', './UserPictures/ae5fc8040c9763d5a7eb1b8d683d096f.jpg', 'hi high chu from loona'),
(11, 20, 'jhgbfdcsxs bgfvcdx', './UserPictures/images.jpg', 'yor mom'),
(12, 20, 'jhgbfdcsxs bgfvcdx', './UserPictures/images.jpg', 'your dad'),
(13, 19, 'bfhf dbf', './UserPictures/piccolo_divany4.jpg', 'jinsoul from loona'),
(14, 21, 'Jo Ma', 'user.png', 'Чудовий посібник від Агатки'),
(15, 19, 'bfhf dbf', './UserPictures/piccolo_divany4.jpg', 'Продам аккаунт за 50$'),
(16, 17, 'Marian Pelekh', './UserPictures/_e354c2e6-636c-469a-a931-7e4c77ba7116.jpeg', 'Ось це деякий загальний коментар'),
(20, 17, 'Marian Pelekh', './UserPictures/_e354c2e6-636c-469a-a931-7e4c77ba7116.jpeg', 'Класна книга, я писав'),
(22, 6, 'Мар\'ян Пелех', './UserPictures/_13be486f-b9cb-4617-8d48-55d744ee42de.jfif', 'Ні, це я написав'),
(24, 17, 'Marian Pelekh', './UserPictures/_e354c2e6-636c-469a-a931-7e4c77ba7116.jpeg', 'Геній, ми одна людина'),
(25, 17, 'Marian Pelekh', './UserPictures/_e354c2e6-636c-469a-a931-7e4c77ba7116.jpeg', 'Прикольна книга, але чи другу частину купуватиму не знаю'),
(26, 6, 'Мар\'ян Пелех', './UserPictures/_13be486f-b9cb-4617-8d48-55d744ee42de.jfif', 'Hello there');

-- --------------------------------------------------------

--
-- Структура таблиці `publishings`
--

CREATE TABLE `publishings` (
  `id` int(11) NOT NULL,
  `PublName` text NOT NULL,
  `PublNameEng` text NOT NULL
) ENGINE=InnoDB DEFAULT CHARSET=utf8mb4 COLLATE=utf8mb4_general_ci;

--
-- Дамп даних таблиці `publishings`
--

INSERT INTO `publishings` (`id`, `PublName`, `PublNameEng`) VALUES
(1, 'Penguin', 'Penguin'),
(2, 'КСД', 'KSD'),
(3, 'Vivat', 'Vivat'),
(4, 'Nebo BookLab Publishing', 'Nebo'),
(5, 'Жорж', 'Zhorzh'),
(6, 'А-БА-БА-ГА-ЛА-МА-ГА', 'Ababahalamaha'),
(7, 'Ранок', 'Ranok'),
(8, '#книголав', 'knygolav'),
(9, 'Віхола', 'Vihola'),
(10, 'Бородатий Тамарин', 'BorodatyyTamaryn'),
(11, 'BookChef', 'BookChef'),
(12, 'Disney Hyperion', 'DisneyHyperion'),
(13, 'Meridian Czernowitz', 'MeridianCzernowitz'),
(14, 'Фабула', 'Fabula'),
(22, 'TitleRead', 'TitleRead');

-- --------------------------------------------------------

--
-- Структура таблиці `users`
--

CREATE TABLE `users` (
  `userId` int(11) NOT NULL,
  `Login` varchar(20) NOT NULL,
  `Password` varchar(16) NOT NULL,
  `Email` varchar(100) NOT NULL,
  `FirstName` text NOT NULL,
  `LastName` text NOT NULL,
  `MiddleName` text NOT NULL,
  `StoredBooks` text NOT NULL,
  `image` text NOT NULL,
  `FeaturedGenres` text NOT NULL
) ENGINE=InnoDB DEFAULT CHARSET=utf8mb4 COLLATE=utf8mb4_general_ci;

--
-- Дамп даних таблиці `users`
--

INSERT INTO `users` (`userId`, `Login`, `Password`, `Email`, `FirstName`, `LastName`, `MiddleName`, `StoredBooks`, `image`, `FeaturedGenres`) VALUES
(6, 'marianpelekh', '04122005', 'marianpeleh@gmail.com', 'Мар\'ян', 'Пелех', 'Павлович', '[{\"code\":\"ISBN-0412-1507-5002-\",\"innerHTML\":\"<img class=\\u0022CartCover\\u0022 src=\\u0022КоронаЗмій_mockup.png\\u0022 alt=\\u0022Обкладинка\\u0022><h4 class=\\u0022CartTitle\\u0022>Корона Змій. Мечем та Полум\\u0027ям. Книга I<\\/h4><p class=\\u0022CartAuthor\\u0022>P. Marphine<\\/p><h4 class=\\u0022CartPrice\\u0022 price-of=\\u0022ISBN-0412-1507-5002-\\u0022>350 грн<\\/h4><div class=\\u0022Quantity\\u0022><button class=\\u0022DecreaseQuantity\\u0022>-<\\/button><span class=\\u0022quantityItself\\u0022 quantity-of=\\u0022ISBN-0412-1507-5002-\\u0022>1<\\/span><button class=\\u0022IncreaseQuantity\\u0022>+<\\/button><\\/div><button type=\\u0022button\\u0022 related-book=\\u0022ISBN-0412-1507-5002-\\u0022 class=\\u0022deleteButton\\u0022><img src=\\u0022x-mark.png\\u0022 width=\\u002220\\u0022><\\/button>\",\"singlePrice\":\"350\",\"quantity\":\"1\",\"style\":{\"display\":\"\",\"width\":\"\",\"margin\":\"\",\"gridTemplateColumns\":\"\",\"gridTemplateRows\":\"\"}},{\"code\":\"ІЛ-00028134\",\"innerHTML\":\"<img class=\\u0022CartCover\\u0022 src=\\u0022https:\\/\\/book-ye.com.ua\\/upload\\/iblock\\/44e\\/67e46d29_5176_11ee_8187_00505684ea69_c1f8531e_5178_11ee_8187_00505684ea69.jpg\\u0022 alt=\\u0022Обкладинка\\u0022><h4 class=\\u0022CartTitle\\u0022>Гадес і Персефона. Книга 1. Доторк темряви<\\/h4><p class=\\u0022CartAuthor\\u0022>Скарлетт Сент-Клер<\\/p><h4 class=\\u0022CartPrice\\u0022 price-of=\\u0022ІЛ-00028134\\u0022>266 грн<\\/h4><div class=\\u0022Quantity\\u0022><button class=\\u0022DecreaseQuantity\\u0022>-<\\/button><span class=\\u0022quantityItself\\u0022 quantity-of=\\u0022ІЛ-00028134\\u0022>1<\\/span><button class=\\u0022IncreaseQuantity\\u0022>+<\\/button><\\/div><button type=\\u0022button\\u0022 related-book=\\u0022ІЛ-00028134\\u0022 class=\\u0022deleteButton\\u0022><img src=\\u0022x-mark.png\\u0022 width=\\u002220\\u0022><\\/button>\",\"singlePrice\":\"266\",\"quantity\":\"1\",\"style\":{\"display\":\"\",\"width\":\"\",\"margin\":\"\",\"gridTemplateColumns\":\"\",\"gridTemplateRows\":\"\"}}]', './UserPictures/_13be486f-b9cb-4617-8d48-55d744ee42de.jfif', '{\"Dark Academia\":4,\"Fantasy\":40,\"Gothic\":18,\"Detective\":3,\"Poetry\":3,\"Other prose\":2,\"\":2}'),
(7, 'heinaoksana', '15072006', 'oksikheina@gmail.com', 'Оксана', 'Гейна', 'Іванівна', '', 'user.png', '{\"Other prose\":2,\"Gothic\":2}'),
(16, 'admin', 'TitleAdmin11', 'admin@title.ua', 'Admin', 'Admin', 'Admin', '[{\"code\":\"ISBN-978-617-15-0710\",\"innerHTML\":\"<img class=\\u0022CartCover\\u0022 src=\\u0022https:\\/\\/bookclub.ua\\/images\\/db\\/goods\\/61919_123354.jpg\\u0022 alt=\\u0022Обкладинка\\u0022><h4 class=\\u0022CartTitle\\u0022>Залізне полум’я. Емпіреї. Книга 2<\\/h4><p class=\\u0022CartAuthor\\u0022>Ребекка Яррос<\\/p><h4 class=\\u0022CartPrice\\u0022 price-of=\\u0022ISBN-978-617-15-0710\\u0022>720 грн<\\/h4><div class=\\u0022Quantity\\u0022><button class=\\u0022DecreaseQuantity\\u0022>-<\\/button><span class=\\u0022quantityItself\\u0022 quantity-of=\\u0022ISBN-978-617-15-0710\\u0022>1<\\/span><button class=\\u0022IncreaseQuantity\\u0022>+<\\/button><\\/div><button type=\\u0022button\\u0022 related-book=\\u0022ISBN-978-617-15-0710\\u0022 class=\\u0022deleteButton\\u0022><img src=\\u0022x-mark.png\\u0022 width=\\u002220\\u0022><\\/button>\",\"singlePrice\":\"720\",\"quantity\":1,\"style\":{\"display\":\"\",\"width\":\"\",\"margin\":\"\",\"gridTemplateColumns\":\"\",\"gridTemplateRows\":\"\"}},{\"code\":\"ISBN-0412-1507-5002-\",\"innerHTML\":\"<img class=\\u0022CartCover\\u0022 src=\\u0022КоронаЗмій_mockup.png\\u0022 alt=\\u0022Обкладинка\\u0022><h4 class=\\u0022CartTitle\\u0022>Корона Змій. Мечем та Полум\\u0027ям. Книга I<\\/h4><p class=\\u0022CartAuthor\\u0022>P. Marphine<\\/p><h4 class=\\u0022CartPrice\\u0022 price-of=\\u0022ISBN-0412-1507-5002-\\u0022>350 грн<\\/h4><div class=\\u0022Quantity\\u0022><button class=\\u0022DecreaseQuantity\\u0022>-<\\/button><span class=\\u0022quantityItself\\u0022 quantity-of=\\u0022ISBN-0412-1507-5002-\\u0022>1<\\/span><button class=\\u0022IncreaseQuantity\\u0022>+<\\/button><\\/div><button type=\\u0022button\\u0022 related-book=\\u0022ISBN-0412-1507-5002-\\u0022 class=\\u0022deleteButton\\u0022><img src=\\u0022x-mark.png\\u0022 width=\\u002220\\u0022><\\/button>\",\"singlePrice\":\"350\",\"quantity\":\"1\",\"style\":{\"display\":\"\",\"width\":\"\",\"margin\":\"\",\"gridTemplateColumns\":\"\",\"gridTemplateRows\":\"\"}}]', 'user.png', '{\"Fantasy\":39,\"Gothic\":3,\"\":1,\"Detective\":1}'),
(17, 'mari', 'mh04122005op', 'marianpelekh@title.com', 'Marian', 'Pelekh', 'Pavlovych', '[{\"code\":\"ІД-4134103\",\"innerHTML\":\"<img class=\\u0022CartCover\\u0022 src=\\u0022https:\\/\\/bookclub.ua\\/images\\/db\\/goods\\/49791_84572.jpg\\u0022 alt=\\u0022Обкладинка\\u0022><h4 class=\\u0022CartTitle\\u0022>Гессі<\\/h4><p class=\\u0022CartAuthor\\u0022>Наталія Матолінець<\\/p><h4 class=\\u0022CartPrice\\u0022 price-of=\\u0022ІД-4134103\\u0022>290 грн<\\/h4><div class=\\u0022Quantity\\u0022><button class=\\u0022DecreaseQuantity\\u0022>-<\\/button><span class=\\u0022quantityItself\\u0022 quantity-of=\\u0022ІД-4134103\\u0022>1<\\/span><button class=\\u0022IncreaseQuantity\\u0022>+<\\/button><\\/div><button type=\\u0022button\\u0022 related-book=\\u0022ІД-4134103\\u0022 class=\\u0022deleteButton\\u0022><img src=\\u0022x-mark.png\\u0022 width=\\u002220\\u0022><\\/button>\",\"singlePrice\":\"290\",\"quantity\":\"1\",\"style\":{\"display\":\"\",\"width\":\"\",\"margin\":\"\",\"gridTemplateColumns\":\"\",\"gridTemplateRows\":\"\"}}]', './UserPictures/_e354c2e6-636c-469a-a931-7e4c77ba7116.jpeg', '{\"Fantasy\":252,\"Detective\":5,\"Gothic\":3,\"\":2,\"Light Academia\":1}'),
(18, 'Mykhail024', '87643215Db@', 'semerka535@gmail.com', 'Михайло', 'Музика', 'Андрійович', '[]', './UserPictures/flat,750x,075,f-pad,750x1000,f8f8f8.jpg', '{\"Dark Academia\":1}'),
(19, 'madara', '12345678', 'asfewq12ewfewfgfewgy@gmail.com', 'bfhf', 'dbf', 'frfh', '[{\"code\":\"ІД-4135911\",\"innerHTML\":\"<img class=\\u0022CartCover\\u0022 src=\\u0022https:\\/\\/bookclub.ua\\/images\\/db\\/goods\\/61387_121775.jpg\\u0022 alt=\\u0022Обкладинка\\u0022><h4 class=\\u0022CartTitle\\u0022>Убивство - це легко<\\/h4><p class=\\u0022CartAuthor\\u0022>Аґата Крісті<\\/p><h4 class=\\u0022CartPrice\\u0022 price-of=\\u0022ІД-4135911\\u0022>230 грн<\\/h4><div class=\\u0022Quantity\\u0022><button class=\\u0022DecreaseQuantity\\u0022>-<\\/button><span class=\\u0022quantityItself\\u0022 quantity-of=\\u0022ІД-4135911\\u0022>1<\\/span><button class=\\u0022IncreaseQuantity\\u0022>+<\\/button><\\/div><button type=\\u0022button\\u0022 related-book=\\u0022ІД-4135911\\u0022 class=\\u0022deleteButton\\u0022><img src=\\u0022x-mark.png\\u0022 width=\\u002220\\u0022><\\/button>\",\"singlePrice\":\"230\",\"quantity\":\"1\",\"style\":{\"display\":\"\",\"width\":\"\",\"margin\":\"\",\"gridTemplateColumns\":\"\",\"gridTemplateRows\":\"\"}}]', './UserPictures/piccolo_divany4.jpg', '{\"Detective\":1,\"Gothic\":2}'),
(20, 'ilovepespatron', '1234', 'zelerontop@gmail.com', 'jhgbfdcsxs', 'bgfvcdx', 'ghbfvcdxs', '[]', './UserPictures/images.jpg', '{\"Other prose\":2}'),
(21, 'asdas', 'asdasd', 'asdhj@gmaila.c', 'Jo', 'Ma', 'Ma', '[{\"code\":\"ІД-4135911\",\"innerHTML\":\"<img class=\\u0022CartCover\\u0022 src=\\u0022https:\\/\\/bookclub.ua\\/images\\/db\\/goods\\/61387_121775.jpg\\u0022 alt=\\u0022Обкладинка\\u0022><h4 class=\\u0022CartTitle\\u0022>Убивство - це легко<\\/h4><p class=\\u0022CartAuthor\\u0022>Аґата Крісті<\\/p><h4 class=\\u0022CartPrice\\u0022 price-of=\\u0022ІД-4135911\\u0022>230 грн<\\/h4><div class=\\u0022Quantity\\u0022><button class=\\u0022DecreaseQuantity\\u0022>-<\\/button><span class=\\u0022quantityItself\\u0022 quantity-of=\\u0022ІД-4135911\\u0022>1<\\/span><button class=\\u0022IncreaseQuantity\\u0022>+<\\/button><\\/div><button type=\\u0022button\\u0022 related-book=\\u0022ІД-4135911\\u0022 class=\\u0022deleteButton\\u0022><img src=\\u0022x-mark.png\\u0022 width=\\u002220\\u0022><\\/button>\",\"singlePrice\":\"230\",\"quantity\":\"1\",\"style\":{\"display\":\"\",\"width\":\"\",\"margin\":\"\",\"gridTemplateColumns\":\"\",\"gridTemplateRows\":\"\"}}]', './UserPictures/IMG-66dbeb07e3529618fc1277876cacc060-V.jpg', '{\"Detective\":1}');

--
-- Індекси збережених таблиць
--

--
-- Індекси таблиці `authors`
--
ALTER TABLE `authors`
  ADD UNIQUE KEY `id` (`id`);

--
-- Індекси таблиці `BooksComments`
--
ALTER TABLE `BooksComments`
  ADD KEY `BookID` (`BookID`),
  ADD KEY `CommentID` (`CommentID`);

--
-- Індекси таблиці `comments`
--
ALTER TABLE `comments`
  ADD PRIMARY KEY (`commentId`),
  ADD KEY `comments_ibfk_1` (`userId`);

--
-- Індекси таблиці `publishings`
--
ALTER TABLE `publishings`
  ADD PRIMARY KEY (`id`),
  ADD KEY `PublName` (`PublName`(768));

--
-- Індекси таблиці `users`
--
ALTER TABLE `users`
  ADD PRIMARY KEY (`userId`);

--
-- AUTO_INCREMENT для збережених таблиць
--

--
-- AUTO_INCREMENT для таблиці `authors`
--
ALTER TABLE `authors`
  MODIFY `id` int(11) NOT NULL AUTO_INCREMENT, AUTO_INCREMENT=40;

--
-- AUTO_INCREMENT для таблиці `comments`
--
ALTER TABLE `comments`
  MODIFY `commentId` int(11) NOT NULL AUTO_INCREMENT, AUTO_INCREMENT=27;

--
-- AUTO_INCREMENT для таблиці `publishings`
--
ALTER TABLE `publishings`
  MODIFY `id` int(11) NOT NULL AUTO_INCREMENT, AUTO_INCREMENT=23;

--
-- AUTO_INCREMENT для таблиці `users`
--
ALTER TABLE `users`
  MODIFY `userId` int(11) NOT NULL AUTO_INCREMENT, AUTO_INCREMENT=22;

--
-- Обмеження зовнішнього ключа збережених таблиць
--

--
-- Обмеження зовнішнього ключа таблиці `BooksComments`
--
ALTER TABLE `BooksComments`
  ADD CONSTRAINT `bookscomments_ibfk_1` FOREIGN KEY (`BookID`) REFERENCES `books` (`number`) ON DELETE CASCADE ON UPDATE CASCADE,
  ADD CONSTRAINT `bookscomments_ibfk_2` FOREIGN KEY (`CommentID`) REFERENCES `comments` (`commentId`) ON DELETE CASCADE ON UPDATE CASCADE;

--
-- Обмеження зовнішнього ключа таблиці `comments`
--
ALTER TABLE `comments`
  ADD CONSTRAINT `comments_ibfk_1` FOREIGN KEY (`userId`) REFERENCES `users` (`userId`) ON DELETE NO ACTION;
COMMIT;

/*!40101 SET CHARACTER_SET_CLIENT=@OLD_CHARACTER_SET_CLIENT */;
/*!40101 SET CHARACTER_SET_RESULTS=@OLD_CHARACTER_SET_RESULTS */;
/*!40101 SET COLLATION_CONNECTION=@OLD_COLLATION_CONNECTION */;
